customer_id,customer_name,email,country,registration_date
C1000,Alexandra Carlson,alexandra.carlson@gmail.com,Chad,11/3/2021
C1001,Donna Evans,donna.evans@gmail.com,Afghanistan,8/26/2020
C1002,Kimberly Levy,kimberly.levy@outlook.com,monaco,6/27/2014
C1003,Jennifer Wells,jennifer.wells@yahoo.com,PARAGUAY,11/11/2024
C1004,Erin Garcia,erin.garcia@yahoo.com,Nicaragua,2/2/2024
C1005,Jonathon Hood,jonathon.hood@yahoo.com,Cambodia,2/27/2019
C1006,Jeffery Lam,,Togo,11/15/2016
C1007,Roberta Gardner,roberta.gardner@icloud.com,Colombia,4/14/2022
C1008,Ralph Dillon,ralph.dillon@gmail.com,india,10/4/2017
C1009,John Acevedo,john.acevedo@icloud.com,Benin,4/16/2024
C1010,Bobby Davis,bobby.davis@hotmail.com,Swaziland,5/28/2017
C1011,David Gordon,david.gordon@gmail.com,Canada,6/21/2013
C1012,Melanie Hansen,melanie.hansen@gmail.com,Costa Rica,6/5/2012
C1013,Sean Mills,sean.mills@gmail.com,Latvia,12/14/2024
C1014,Andrew Miller,andrew.miller@yahoo.com,Guinea-Bissau,10/22/2012
C1015,Joanna Schultz,joanna.schultz@yahoo.com,Ukraine,11/17/2023
C1016,Christina Hensley,christina.hensley@icloud.com,panama,3/14/2012
C1017,Tracey Pope,tracey.pope@icloud.com,Puerto Rico,9/2/2023
C1018,Evelyn Fuller,evelyn.fuller@gmail.com,KOREA,8/21/2014
C1019,Erin Bradley,erin.bradley@icloud.com,San Marino,2/24/2016
C1020,Heather Johnson,heather.johnson@yahoo.com,Rwanda,2/22/2019
C1021,Gina Clark,gina.clark@icloud.com,Yemen,12/5/2014
C1022,  Abigail Bailey  ,abigail.bailey@hotmail.com,TONGA,2/11/2012
C1023,Abigail Cisneros MD,abigail.cisneros.md@yahoo.com,British Indian Ocean Territory (Chagos Archipelago),6/13/2025
C1024,Jennifer Phillips,jennifer.phillips@hotmail.com,Fiji,4/3/2014
C1025,Kyle Watson,kyle.watson@icloud.com,Korea,1/19/2025
C1026,  Albert Morton  ,albert.morton@outlook.com,papua new guinea,6/14/2017
C1027,Douglas Sandoval,douglas.sandoval@gmail.com,Haiti,4/23/2020
C1028,Mrs. Jennifer Johnson,mrs..jennifer.johnson@yahoo.com,Austria,7/2/2020
C1029,Gabriela Medina,gabriela.medina@hotmail.com,Gibraltar,12/21/2018
C1030,Juan Mitchell,juan.mitchell@outlook.com,Indonesia,6/12/2025
C1031,  Aaron Miller  ,aaron.miller@outlook.com,French Guiana,6/28/2018
C1032,  Jennifer Shields  ,jennifer.shields@yahoo.com,Kyrgyz Republic,3/13/2024
C1033,Dennis Gardner,dennis.gardner@yahoo.com,Timor-Leste,11/5/2019
C1034,  Brenda Schultz  ,brenda.schultz@outlook.com,ROMANIA,6/15/2015
C1035,Holly Mcdowell,holly.mcdowell@gmail.com,Saint Barthelemy,11/10/2015
C1036,Brandon Figueroa,brandon.figueroa@gmail.com,Comoros,2/14/2023
C1037,Sherri Stanley,,Moldova,11/18/2018
C1038,Bobby Edwards,bobby.edwards@gmail.com,United Kingdom,7/18/2018
C1039,Gary Jacobs,gary.jacobs@outlook.com,Jamaica,8/17/2017
C1040,Rebecca Sharp,rebecca.sharp@outlook.com,American Samoa,7/19/2012
C1041,Colleen Beck,colleen.beck@icloud.com,french polynesia,12/2/2012
C1042,Zachary Turner,zachary.turner@outlook.com,Russian Federation,7/12/2022
C1043,Megan Johnson,megan.johnson@gmail.com,Norfolk Island,7/3/2023
C1044,Kathleen Jones,kathleen.jones@hotmail.com,Eritrea,11/12/2023
C1045,Jennifer Morrow,jennifer.morrow@icloud.com,Kiribati,6/5/2014
C1046,Debbie Wang,debbie.wang@gmail.com,Austria,3/22/2013
C1047,  Travis Martinez  ,travis.martinez@hotmail.com,Myanmar,12/5/2022
C1048,Ian Davis,ian.davis@gmail.com,Lesotho,10/31/2019
C1049,Sandra Frank,sandra.frank@icloud.com,Ghana,8/8/2022
C1050,Steven Powell,steven.powell@outlook.com,Haiti,7/25/2017
C1051,Mark Jackson,mark.jackson@icloud.com,Nicaragua,9/24/2015
C1052,Melissa Edwards,melissa.edwards@outlook.com,Libyan Arab Jamahiriya,1/12/2021
C1053,Brian Gates,,Antarctica (the territory South of 60 deg S),5/17/2016
C1054,Robert Cox,robert.cox@yahoo.com,Russian Federation,5/16/2014
C1055,Marisa Hill,marisa.hill@outlok.com,Gabon,10/12/2019
C1056,Frank Jackson,frank.jackson@gmail.com,tunisia,8/20/2023
C1057,Sarah Martin,sarah.martin@yahoo.com,France,11/14/2020
C1058,Elizabeth Erickson,elizabeth.erickson@outlook.com,Liechtenstein,2/3/2018
C1059,Daniel Ramirez,daniel.ramirez@gmail.com,Australia,7/8/2019
C1060,Samuel Leblanc,samuel.leblanc@yahoo.com,Turks and Caicos Islands,5/25/2015
C1061,Robert Lopez,robert.lopez@gmail.com,Dominica,4/27/2015
C1062,Cheyenne Cobb,cheyenne.cobb@hotmail.com,british indian ocean territory (chagos archipelago),7/25/2012
C1063,Melissa Leblanc,melissa.leblanc@outlook.com,Lithuania,9/13/2024
C1064,Jimmy Lucas,jimmy.lucas@hotmail.com,Iceland,12/27/2022
C1065,Melissa Greer,melissa.greer@outlook.com,Moldova,5/21/2014
C1066,Mary Peterson,mary.peterson@yahoo.com,Guinea,10/16/2014
C1067,  Samuel Marshall  ,samuel.marshall@outlook.com,Kuwait,7/21/2024
C1068,Jamie Cochran,jamie.cochran@outlook.com,Congo,2/26/2023
C1069,Michael Berry,michael.berry@yahoo.com,Zambia,2/28/2013
C1070,Joanna Rodriguez,joanna.rodriguez@outlook.com,Italy,6/15/2022
C1071,Gerald Taylor,gerald.taylor@gmail.com,Saint Lucia,5/27/2015
C1072,Lisa Kemp,lisa.kemp@outlok.com,Madagascar,3/3/2017
C1073,Tara Davis,tara.davis@yahoo.com,Madagascar,11/11/2013
C1074,Corey Branch,corey.branch@icloud.com,Turkey,12/8/2020
C1075,Deborah Griffin,deborah.griffin@yahoo.com,Nicaragua,7/15/2015
C1076,  John Martinez  ,john.martinez@yahoo.com,Kenya,12/18/2017
C1077,  Molly Curtis  ,molly.curtis@hotmail.com,Barbados,2/26/2019
C1078,Stephanie Klein,stephanie.klein@yohoo.com,Pitcairn Islands,6/1/2018
C1079,John Horton,john.horton@outlook.com,mozambique,3/3/2025
C1080,Dr. Jacob Hernandez,dr..jacob.hernandez@icloud.com,United States Virgin Islands,8/31/2023
C1081,Renee Lutz,renee.lutz@yahoo.com,Tajikistan,4/12/2025
C1082,Carla Wilson,carla.wilson@outlook.com,Cuba,9/20/2016
C1083,  Samuel Gonzalez  ,samuel.gonzalez@gmail.com,Luxembourg,8/31/2019
C1084,Ernest Bishop,ernest.bishop@yahoo.com,Norway,1/5/2017
C1085,Michael Jackson,michael.jackson@gmail.com,Singapore,7/26/2022
C1086,  Teresa Steele  ,teresa.steele@outlook.com,Egypt,3/14/2014
C1087,Ashley Ramos,ashley.ramos@hotmail.com,Saint Helena,7/3/2020
C1088,Jeffrey Barnes,jeffrey.barnes@outlook.com,Maldives,1/29/2024
C1089,Daniel Melton,daniel.melton@gmail.com,Botswana,12/23/2012
C1090,Cindy Vazquez,cindy.vazquez@yahoo.com,,6/29/2019
C1091,Erika Pena,erika.pena@icloud.com,Tunisia,1/11/2013
C1092,Maria Robertson,maria.robertson@outlook.com,Tuvalu,9/17/2015
C1093,Michelle Harris,michelle.harris@yahoo.com,Holy See (Vatican City State),5/2/2015
C1094,Sherry Lopez,sherry.lopez@hotmail.com,Indonesia,7/21/2023
C1095,Brent Wright,brent.wright@hotmail.com,Tanzania,7/23/2016
C1096,Emily Dean,emily.dean@hotmail.com,Haiti,10/10/2013
C1097,Sharon Richardson,sharon.richardson@gmail.con,Cambodia,8/14/2013
C1098,Clarence Serrano,clarence.serrano@outlook.com,Afghanistan,9/3/2012
C1099,Kim Santiago,kim.santiago@yahoo.com,pitcairn islands,12/24/2016
C1100,William Sims,,Italy,9/8/2017
C1101,Valerie Jones,valerie.jones@icloud.com,Albania,12/12/2013
C1102,Bruce Molina,bruce.molina@icloud.com,Luxembourg,2/21/2021
C1103,Jennifer Oliver,jennifer.oliver@outlook.com,Congo,1/11/2016
C1104,William Flores,william.flores@icloud.com,Suriname,10/6/2024
C1105,Steven Castro,steven.castro@hotmail.com,anguilla,5/30/2024
C1106,Erin Silva,erin.silva@icloud.com,Panama,2/6/2013
C1107,Crystal Johnson,crystal.johnson@hotmail.com,Guinea,2/12/2018
C1108,Mark Anderson,mark.anderson@outlook.com,Gambia,12/31/2024
C1109,Thomas Jones,thomas.jones@yahoo.com,SAINT BARTHELEMY,1/23/2016
C1110,Ryan Fisher,ryan.fisher@yahoo.com,Uruguay,7/9/2021
C1111,Donald Jones IV,donald.jones.iv@icloud.com,Cote d'Ivoire,9/3/2017
C1112,William Mitchell,william.mitchell@hotmail.com,Albania,1/3/2013
C1113,Brett Buckley,brett.buckley@gmail.com,Palau,8/13/2016
C1114,Michael Nielsen,michael.nielsen@gmail.com,Israel,7/30/2015
C1115,John Rivera,john.rivera@gmail.com,Albania,6/30/2020
C1116,  Elizabeth Jensen  ,elizabeth.jensen@yahoo.com,SAINT VINCENT AND THE GRENADINES,7/13/2023
C1117,James Brown,james.brown@yahoo.com,ISLE OF MAN,4/29/2014
C1118,Timothy York,timothy.york@hotmail.com,Czech Republic,4/9/2025
C1119,James Hamilton,james.hamilton@icloud.com,India,5/18/2016
C1120,Brian Krueger,,Suriname,5/31/2025
C1121,  Jason Knight  ,jason.knight@hotmail.com,Syrian Arab Republic,2/5/2014
C1122,Charlene Hammond,charlene.hammond@hotmail.com,Guam,2/7/2021
C1123,Brenda Kelly,,Benin,10/17/2018
C1124,Alisha Perkins,alisha.perkins@hotmail.com,MAURITANIA,5/29/2012
C1125,Tracy Wilson,tracy.wilson@icloud.com,El Salvador,12/12/2020
C1126,  Lauren Pena  ,lauren.pena@outlook.com,Russian Federation,6/19/2019
C1127,Alyssa Cherry,alyssa.cherry@icloud.com,MALAYSIA,12/26/2024
C1128,April Powers,april.powers@gmail.com,,8/15/2013
C1129,Sean Salas,,Burundi,12/31/2023
C1130,Michael Clark,michael.clark@icloud.com,Bulgaria,9/30/2020
C1131,Ryan Jones,ryan.jones@outlook.com,Palestinian Territory,9/18/2024
C1132,Kari Keith,kari.keith@outlook.com,Nicaragua,1/25/2016
C1133,Matthew Wang,matthew.wang@gmail.com,Argentina,6/19/2021
C1134,Courtney Jones,courtney.jones@outlook.com,British Indian Ocean Territory (Chagos Archipelago),7/27/2018
C1135,  Glenda Bernard  ,glenda.bernard@hotmail.com,Afghanistan,8/22/2019
C1136,Todd Walters,todd.walters@yahoo.com,Trinidad and Tobago,12/25/2015
C1137,Sydney White,sydney.white@hotmail.com,Austria,3/25/2015
C1138,Kelly Bennett,kelly.bennett@gmail.com,san marino,9/8/2013
C1139,Walter Fisher,walter.fisher@outlook.com,Armenia,10/15/2014
C1140,Lisa Dyer,lisa.dyer@icloud.com,YEMEN,5/5/2019
C1141,Aaron Wilkerson,aaron.wilkerson@yahoo.com,Uganda,4/21/2016
C1142,Kimberly Jimenez,kimberly.jimenez@icloud.com,Estonia,3/20/2015
C1143,Ryan Mcguire,ryan.mcguire@gmail.com,,4/25/2018
C1144,Sherry Marsh,sherry.marsh@outlook.com,Oman,11/9/2018
C1145,Mark Brown,mark.brown@icloud.com,Holy See (Vatican City State),1/7/2017
C1146,Cynthia Alexander,cynthia.alexander@icloud.com,Equatorial Guinea,8/17/2016
C1147,Donald Taylor,donald.taylor@yahoo.com,Timor-Leste,10/1/2020
C1148,Derek Lopez,derek.lopez@yahoo.com,Honduras,2/26/2018
C1149,Robert Ramos,robert.ramos@outlook.com,Afghanistan,6/9/2016
C1150,Susan Ramirez,susan.ramirez@yohoo.com,,5/12/2020
C1151,Karen Green,karen.green@icloud.com,Monaco,10/23/2019
C1152,David Cruz,david.cruz@icloud.com,Tunisia,7/2/2023
C1153,Jody Mullen PhD,,SEYCHELLES,6/10/2023
C1154,  Rebecca Garcia  ,rebecca.garcia@icloud.com,burundi,11/6/2020
C1155,  Sean Herman MD  ,sean.herman.md@outlook.com,Sao Tome and Principe,1/2/2018
C1156,Brandon Hernandez,brandon.hernandez@hotmail.com,Isle of Man,8/18/2023
C1157,Clifford Taylor,clifford.taylor@gmail.com,Romania,12/30/2015
C1158,Alexander Chung,alexander.chung@gmail.com,Italy,6/26/2018
C1159,Brittany Reed,brittany.reed@outlook.com,spain,5/7/2025
C1160,Barbara Ramirez,barbara.ramirez@outlook.com,northern mariana islands,10/10/2014
C1161,Andrew Christensen,andrew.christensen@yahoo.com,Colombia,5/28/2020
C1162,Mary Wilson,,British Indian Ocean Territory (Chagos Archipelago),6/22/2025
C1163,  Michael Adams  ,michael.adams@yahoo.com,sao tome and principe,12/1/2013
C1164,Erik Lawson,erik.lawson@icloud.com,wallis and futuna,4/1/2016
C1165,Kimberly Ortiz DVM,kimberly.ortiz.dvm@gmail.com,Guyana,6/7/2021
C1166,Peter Hall,peter.hall@gmail.com,Cuba,6/14/2013
C1167,Anthony White,anthony.white@hotmail.com,Saint Pierre and Miquelon,6/26/2025
C1168,Jeffery Marshall,jeffery.marshall@gmail.com,Mauritania,5/23/2017
C1169,Ms. Karen Wood,ms..karen.wood@icloud.com,Kuwait,5/25/2016
C1170,Adam Ryan,adam.ryan@yahoo.com,Azerbaijan,7/4/2019
C1171,Ray Martinez,ray.martinez@yahoo.com,Germany,12/10/2012
C1172,Ellen Rodriguez,ellen.rodriguez@hotmail.com,Bangladesh,8/30/2017
C1173,Julian Rose,julian.rose@icloud.com,Turkey,10/5/2024
C1174,Steven Wiggins,steven.wiggins@yahoo.com,Djibouti,10/21/2019
C1175,Brendan Smith,brendan.smith@outlook.com,Saint Martin,10/5/2022
C1176,Brent Sawyer,brent.sawyer@icloud.com,Guatemala,5/7/2012
C1177,Jonathan Contreras,jonathan.contreras@icloud.com,Oman,12/29/2017
C1178,Tracie Bishop,tracie.bishop@hotmail.com,Serbia,10/28/2014
C1179,  Amy Wood  ,amy.wood@yahoo.com,Aruba,2/14/2021
C1180,Tiffany Woods,tiffany.woods@icloud.com,Zambia,7/5/2022
C1181,Meghan Rowe,meghan.rowe@yahoo.com,Puerto Rico,10/31/2019
C1182,Bryce Hess,bryce.hess@outlook.com,Nauru,6/6/2017
C1183,April Montoya,april.montoya@hotmail.com,marshall islands,10/13/2019
C1184,Ronald Serrano,ronald.serrano@outlook.com,Somalia,7/22/2015
C1185,Jason Morales,jason.morales@hotmail.com,Swaziland,3/19/2023
C1186,Monica Meadows,monica.meadows@icloud.com,Tokelau,6/16/2022
C1187,Frank Wilkerson,frank.wilkerson@hotmail.com,Solomon Islands,4/2/2025
C1188,Richard Moran,richard.moran@gmail.com,cote d'ivoire,4/6/2016
C1189,Christian Jenkins,christian.jenkins@yahoo.com,ZIMBABWE,10/30/2019
C1190,Paul Fletcher,paul.fletcher@yahoo.com,Kiribati,1/12/2016
C1191,Brandon Williams,brandon.williams@gmail.com,Botswana,6/11/2018
C1192,Erika Mcconnell,,United States Minor Outlying Islands,4/10/2018
C1193,Dominique Johnson,dominique.johnson@gmail.com,Romania,3/30/2022
C1194,Anne Mcbride,anne.mcbride@icloud.com,Hong Kong,12/30/2023
C1195,Ruth Bowman,ruth.bowman@icloud.com,macao,7/27/2021
C1196,Jean Meyers,jean.meyers@yahoo.com,swaziland,12/22/2022
C1197,Melissa Jones,melissa.jones@icloud.com,Sudan,11/5/2018
C1198,Robert Arnold,robert.arnold@yahoo.com,Lesotho,10/6/2020
C1199,Monica Harris,monica.harris@gmail.com,North Macedonia,3/25/2022
C1200,William Roy,william.roy@gmail.com,Nepal,3/17/2017
C1201,Steven Little,steven.little@gmail.com,norway,8/5/2013
C1202,Pamela Brown,pamela.brown@yahoo.com,Bolivia,1/26/2017
C1203,Brian Brown,brian.brown@gmail.com,Czech Republic,10/20/2021
C1204,Patricia Rosales,patricia.rosales@gmail.com,Lao People's Democratic Republic,10/24/2022
C1205,Lisa Perry,lisa.perry@outlook.com,Barbados,8/12/2019
C1206,  Jessica Jones  ,jessica.jones@gmail.com,Western Sahara,6/26/2024
C1207,Richard Long,richard.long@icloud.com,Kazakhstan,4/11/2022
C1208,Jessica Anderson,jessica.anderson@yahoo.com,Bahrain,1/28/2019
C1209,Paige Meyer,paige.meyer@outlook.com,Slovakia (Slovak Republic),1/9/2018
C1210,Alyssa Williams,alyssa.williams@hotmail.com,liberia,7/11/2024
C1211,Philip Simpson,philip.simpson@yahoo.com,bermuda,6/13/2020
C1212,Nicole Harris,nicole.harris@icloud.com,Japan,1/31/2021
C1213,Robert Andrews,robert.andrews@yahoo.com,Guinea,12/8/2020
C1214,Marc Rogers,,Micronesia,2/24/2021
C1215,Cynthia Brown,cynthia.brown@icloud.com,Barbados,12/9/2016
C1216,Christopher Cole,,Afghanistan,12/21/2017
C1217,Brittany Collins,brittany.collins@gmail.con,United Kingdom,5/17/2014
C1218,Steven Vasquez,steven.vasquez@hotmail.com,INDONESIA,8/29/2014
C1219,  Ashley Cole  ,ashley.cole@hotmail.com,Peru,10/25/2017
C1220,Paul Wu,paul.wu@yahoo.com,BARBADOS,10/20/2014
C1221,Kimberly Villa,kimberly.villa@gmail.com,New Caledonia,2/13/2016
C1222,Angela Hood,,Tonga,4/9/2019
C1223,Debbie Salas,debbie.salas@hotmail.com,Bhutan,8/2/2019
C1224,Stephanie Moss,stephanie.moss@outlook.com,Myanmar,9/24/2014
C1225,  Jose Wilson  ,jose.wilson@hotmail.com,Turks and Caicos Islands,9/20/2013
C1226,Jamie Schultz MD,jamie.schultz.md@hotmail.com,Vanuatu,3/16/2012
C1227,Erika Davis,erika.davis@hotmail.com,ZAMBIA,10/8/2014
C1228,Paula Tyler DDS,paula.tyler.dds@gmail.com,Netherlands,5/29/2023
C1229,Sandra Wallace,sandra.wallace@gmail.com,Marshall Islands,12/22/2024
C1230,Charlotte Acosta,charlotte.acosta@gmail.com,Pakistan,3/29/2020
C1231,Miranda Salinas,miranda.salinas@hotmail.com,,5/7/2020
C1232,Tony Lam,tony.lam@outlook.com,Lithuania,5/27/2020
C1233,William Berry,william.berry@gmail.com,Central African Republic,9/28/2012
C1234,Barbara Johnson,barbara.johnson@yahoo.com,Guadeloupe,2/9/2015
C1235,Matthew Richmond,matthew.richmond@yahoo.com,Saint Kitts and Nevis,8/31/2020
C1236,Brandi Jackson,brandi.jackson@yahoo.com,mozambique,12/3/2023
C1237,Amanda Anderson,amanda.anderson@icloud.com,United States Virgin Islands,1/12/2022
C1238,  Courtney Gross  ,courtney.gross@hotmail.com,Belgium,3/6/2012
C1239,Gerald Rodriguez,gerald.rodriguez@yahoo.com,Ukraine,11/6/2019
C1240,Amanda Melendez,amanda.melendez@hotmail.com,Gibraltar,7/4/2022
C1241,Carol Hernandez,carol.hernandez@yahoo.com,Western Sahara,10/18/2013
C1242,Leslie Smith,leslie.smith@outlook.com,Hong Kong,1/11/2019
C1243,Jacob Watkins,jacob.watkins@hotmail.com,Lebanon,4/5/2022
C1244,Heather Henderson,heather.henderson@yahoo.com,Isle of Man,12/4/2020
C1245,Angela Esparza,angela.esparza@gmail.com,Iran,8/26/2015
C1246,Richard Stephens,richard.stephens@hotmail.com,Canada,3/26/2018
C1247,Larry Harris,larry.harris@icloud.com,Dominican Republic,1/28/2023
C1248,Mr. Christopher Carter,mr..christopher.carter@gmail.com,kazakhstan,7/15/2019
C1249,  Andrew Becker  ,andrew.becker@gmail.com,brazil,4/28/2021
C1250,Debra Wilson,debra.wilson@icloud.com,SAINT KITTS AND NEVIS,3/10/2025
C1251,Michelle Simmons,michelle.simmons@gmail.com,Thailand,12/21/2021
C1252,Shannon Sanders,shannon.sanders@gmail.com,Guinea-Bissau,10/8/2017
C1253,  Michael Smith  ,michael.smith@yahoo.com,vietnam,10/25/2012
C1254,Bailey Diaz,,New Zealand,2/27/2013
C1255,Darlene Lopez,darlene.lopez@hotmail.com,Svalbard & Jan Mayen Islands,4/8/2017
C1256,Nancy Dunn,nancy.dunn@hotmail.com,Moldova,9/30/2023
C1257,Robert Meyers,robert.meyers@hotmail.com,South Africa,5/27/2012
C1258,Jesse Evans,jesse.evans@yahoo.com,Djibouti,8/1/2020
C1259,Robert Hayden,,Saint Pierre and Miquelon,12/5/2019
C1260,  David Phillips  ,david.phillips@gmail.com,ARMENIA,4/1/2017
C1261,Thomas Hanson,thomas.hanson@yahoo.com,Peru,2/20/2025
C1262,  Alexander Bailey  ,alexander.bailey@hotmail.com,turkey,4/6/2025
C1263,Louis Wolf,louis.wolf@gmail.com,Saint Martin,8/7/2023
C1264,Jennifer Cameron,jennifer.cameron@hotmail.com,Mongolia,8/30/2024
C1265,Robert Clark,robert.clark@outlook.com,,4/20/2024
C1266,Natalie Ward,natalie.ward@hotmail.com,Qatar,12/5/2022
C1267,Terri Lewis,terri.lewis@outlook.com,,10/17/2015
C1268,Derrick King,derrick.king@hotmail.com,Saint Pierre and Miquelon,8/10/2022
C1269,Lisa Boyd DDS,lisa.boyd.dds@icloud.com,NORTH MACEDONIA,11/16/2012
C1270,Sarah Dawson,sarah.dawson@hotmail.com,guinea,3/11/2022
C1271,David Snyder,david.snyder@yahoo.com,Nepal,7/15/2012
C1272,Kimberly Williamson,kimberly.williamson@yahoo.com,Saint Pierre and Miquelon,1/4/2023
C1273,Jennifer Graham,jennifer.graham@outlook.com,Kiribati,7/15/2021
C1274,Chloe Harris,chloe.harris@yahoo.com,kuwait,3/23/2022
C1275,Krystal Perry,krystal.perry@gmail.com,Isle of Man,4/23/2012
C1276,  Steve Bond  ,steve.bond@icloud.com,Greenland,6/26/2014
C1277,Kelly Mills,kelly.mills@icloud.com,Svalbard & Jan Mayen Islands,8/1/2016
C1278,Dominic Willis,dominic.willis@gmail.com,Western Sahara,7/16/2024
C1279,  Stephen Brown  ,stephen.brown@outlook.com,Saint Martin,5/9/2022
C1280,Nicholas Burke,nicholas.burke@gmail.com,Chad,12/24/2024
C1281,Justin Hall,justin.hall@gmail.com,Tanzania,11/9/2012
C1282,Nicholas Sandoval,nicholas.sandoval@icloud.com,Haiti,5/1/2022
C1283,  Amy Buchanan  ,amy.buchanan@hotmail.com,Norway,3/28/2018
C1284,Jennifer Wolf,jennifer.wolf@icloud.com,Liberia,6/21/2016
C1285,William Blair,william.blair@icloud.com,Colombia,8/6/2017
C1286,Elizabeth Lopez,elizabeth.lopez@yahoo.com,russian federation,5/11/2019
C1287,Kelly Rodriguez,kelly.rodriguez@gmail.com,Belgium,2/22/2018
C1288,Tracy Snyder,tracy.snyder@icloud.com,INDONESIA,5/31/2021
C1289,Christian Johnson,christian.johnson@gmail.com,Cyprus,3/6/2012
C1290,  Andrew Simmons  ,andrew.simmons@yahoo.com,Libyan Arab Jamahiriya,2/29/2012
C1291,Charles Davis,charles.davis@gmail.com,Guinea,1/29/2014
C1292,  Bryan Williams  ,bryan.williams@icloud.com,Swaziland,4/10/2016
C1293,Samuel Mills,samuel.mills@gmail.com,Honduras,1/9/2024
C1294,Joshua Jensen,joshua.jensen@yahoo.com,Croatia,5/14/2020
C1295,Nicole Nguyen,nicole.nguyen@hotmail.com,Vietnam,10/3/2012
C1296,Samuel Gonzales,samuel.gonzales@gmail.com,Pakistan,5/27/2023
C1297,Benjamin Carr,benjamin.carr@icloud.com,Mali,4/12/2022
C1298,Joseph Gross,joseph.gross@yahoo.com,Cyprus,2/28/2024
C1299,Gregg Peterson,gregg.peterson@icloud.com,Puerto Rico,11/10/2024
C1300,Lauren Moreno MD,lauren.moreno.md@icloud.com,Heard Island and McDonald Islands,3/13/2019
C1301,Hunter Sanchez,hunter.sanchez@gmail.com,Turks and Caicos Islands,11/24/2020
C1302,Dale Chen,dale.chen@icloud.com,Heard Island and McDonald Islands,4/29/2025
C1303,David Clark,david.clark@gmail.com,Costa Rica,2/6/2014
C1304,Laura Farmer,laura.farmer@hotmail.com,Korea,8/29/2015
C1305,Logan Buckley,logan.buckley@icloud.com,Samoa,6/18/2020
C1306,  Mark Santiago  ,mark.santiago@icloud.com,Jordan,3/27/2021
C1307,Jody Wilson,jody.wilson@icloud.com,Cayman Islands,6/11/2015
C1308,Jessica White,jessica.white@outlook.com,Germany,11/21/2016
C1309,John Mason,john.mason@outlook.com,Wallis and Futuna,11/3/2023
C1310,John Mitchell,,Congo,10/4/2013
C1311,Dillon Flores,dillon.flores@outlook.com,Jamaica,3/7/2018
C1312,Dawn Brown,dawn.brown@yahoo.com,Reunion,5/10/2025
C1313,Paige Perez,paige.perez@outlook.com,Bangladesh,8/28/2019
C1314,Caitlyn Pierce,caitlyn.pierce@hotmail.com,Tokelau,5/27/2025
C1315,Katherine Farmer,katherine.farmer@yahoo.com,Swaziland,11/8/2014
C1316,Cheryl Cook,cheryl.cook@outlook.com,Maldives,3/23/2015
C1317,Stephanie George,stephanie.george@hotmail.com,New Zealand,6/28/2012
C1318,Henry Flores,henry.flores@outlook.com,Maldives,5/6/2015
C1319,Andrea Carroll,,Ecuador,1/15/2012
C1320,Nicole Brown,nicole.brown@gmail.com,Aruba,5/30/2020
C1321,Tamara Brady,tamara.brady@hotmail.com,saudi arabia,2/15/2016
C1322,Shawn Adams,shawn.adams@icloud.com,Canada,6/5/2012
C1323,Jimmy Todd,,Malawi,7/12/2016
C1324,Donna Crawford,donna.crawford@gmail.com,Cook Islands,1/30/2018
C1325,Philip Chaney,philip.chaney@gmail.com,Albania,7/4/2016
C1326,Bianca Stuart,bianca.stuart@icloud.com,Senegal,1/23/2016
C1327,Kenneth Baker,kenneth.baker@yahoo.com,New Zealand,2/27/2018
C1328,Joseph Martinez,joseph.martinez@icloud.com,United Kingdom,8/26/2015
C1329,Juan Fitzgerald,juan.fitzgerald@outlook.com,Libyan Arab Jamahiriya,1/27/2018
C1330,Reginald Caldwell,reginald.caldwell@yahoo.com,Cyprus,10/1/2016
C1331,Anthony Scott,anthony.scott@outlook.com,comoros,6/13/2019
C1332,Aaron Parker,aaron.parker@gmail.com,North Macedonia,10/22/2018
C1333,Angela Wolfe,angela.wolfe@yahoo.com,Montenegro,4/8/2021
C1334,Shelly Gilbert,shelly.gilbert@outlook.com,south africa,5/12/2018
C1335,Samantha Mullen,,Estonia,12/5/2012
C1336,  Jennifer Johnson  ,jennifer.johnson@yahoo.com,lebanon,2/16/2014
C1337,Javier Hayes,javier.hayes@hotmail.com,Tanzania,1/24/2018
C1338,Sherri Garrett,sherri.garrett@icloud.com,Cyprus,8/30/2022
C1339,Joshua Riley,joshua.riley@outlook.com,Cuba,3/10/2018
C1340,Dylan Lucas,dylan.lucas@icloud.com,Niger,8/11/2021
C1341,Michael Thompson,michael.thompson@icloud.com,Bosnia and Herzegovina,4/23/2025
C1342,Mr. Robert Perkins,mr..robert.perkins@gmail.com,Bulgaria,6/6/2021
C1343,Lucas Malone,lucas.malone@icloud.com,Martinique,9/27/2022
C1344,Terry Hudson,terry.hudson@outlook.com,Tunisia,3/8/2013
C1345,John Smith,john.smith@gmail.com,Belize,10/16/2022
C1346,Joseph Hall,joseph.hall@yahoo.com,Sierra Leone,10/28/2018
C1347,Joshua Young,joshua.young@outlook.com,Paraguay,12/18/2024
C1348,Joshua Wade,joshua.wade@gmail.com,Guinea-Bissau,3/6/2014
C1349,Cheryl Graham,cheryl.graham@gmail.com,united states of america,1/6/2013
C1350,Angel Perez,angel.perez@icloud.com,Cyprus,4/20/2020
C1351,David Rivera,david.rivera@yahoo.com,United Arab Emirates,5/10/2016
C1352,Joanna Vasquez,joanna.vasquez@outlook.com,Chile,8/28/2019
C1353,Gina Wilson,gina.wilson@outlook.com,Slovenia,9/26/2017
C1354,Shane Hickman III,shane.hickman.iii@icloud.com,,1/30/2016
C1355,Randall Kaiser,randall.kaiser@yahoo.com,Bosnia and Herzegovina,10/26/2022
C1356,Eric Hutchinson,eric.hutchinson@outlook.com,Poland,3/12/2018
C1357,  Vanessa Garcia  ,,Kazakhstan,5/22/2014
C1358,James Richardson,james.richardson@outlook.com,Belgium,8/13/2020
C1359,Timothy Davis,timothy.davis@icloud.com,Romania,8/13/2013
C1360,Michael Rios,michael.rios@hotmail.com,Peru,1/30/2020
C1361,Douglas Marsh,douglas.marsh@outlook.com,French Polynesia,10/4/2019
C1362,Carrie Turner,carrie.turner@gmail.com,Iceland,8/23/2021
C1363,Deanna Miller,deanna.miller@gmail.com,United States Minor Outlying Islands,5/20/2020
C1364,James Green,james.green@hotmail.com,Bahamas,9/15/2023
C1365,Nicole Turner,nicole.turner@outlook.com,,7/7/2021
C1366,  Laura Scott  ,laura.scott@gmail.com,Djibouti,9/12/2018
C1367,Lori Arias,lori.arias@gmail.com,Afghanistan,12/3/2018
C1368,David Sheppard,david.sheppard@outlook.com,Saudi Arabia,6/25/2014
C1369,Stephen White,stephen.white@gmail.con,Bulgaria,9/11/2020
C1370,Scott Clark,scott.clark@outlook.com,Macao,1/28/2015
C1371,Paul Sullivan,paul.sullivan@yahoo.com,Cuba,1/19/2015
C1372,Kimberly Benson,kimberly.benson@hotmail.com,British Virgin Islands,1/12/2017
C1373,Laura Nelson,laura.nelson@icloud.com,Kiribati,4/24/2017
C1374,  Mary Sparks  ,mary.sparks@hotmail.com,Malaysia,7/26/2019
C1375,  Daniel Long  ,,Benin,6/12/2017
C1376,Jennifer Clayton,jennifer.clayton@gmail.com,Peru,8/21/2017
C1377,Marc Yates,marc.yates@gmail.com,Nicaragua,8/7/2017
C1378,  Christy Matthews  ,christy.matthews@gmail.com,UNITED STATES VIRGIN ISLANDS,5/20/2024
C1379,Laura Meyers,laura.meyers@yahoo.com,Nigeria,7/31/2016
C1380,Melissa Rodriguez,,greece,7/16/2024
C1381,Marvin Simmons,marvin.simmons@gmail.com,pitcairn islands,3/27/2014
C1382,Todd Rice,todd.rice@outlook.com,Bosnia and Herzegovina,8/23/2023
C1383,Meredith Graham,meredith.graham@icloud.com,El Salvador,5/31/2012
C1384,Ann Powell,ann.powell@icloud.com,Equatorial Guinea,9/9/2017
C1385,Greg Benjamin,greg.benjamin@yahoo.com,morocco,2/10/2024
C1386,  Christopher Hammond  ,christopher.hammond@hotmail.com,Nigeria,3/1/2017
C1387,Jerry Cohen,jerry.cohen@yahoo.com,Armenia,1/30/2023
C1388,Valerie Snyder,valerie.snyder@gmail.com,SPAIN,9/6/2022
C1389,Dave Miller,dave.miller@outlook.com,Uganda,4/10/2012
C1390,Jeremy Shaw,jeremy.shaw@outlook.com,serbia,9/21/2016
C1391,Evelyn Davis,evelyn.davis@gmail.com,ethiopia,7/27/2022
C1392,Kimberly Craig,kimberly.craig@outlook.com,zimbabwe,4/10/2014
C1393,  Jeanne Morgan  ,jeanne.morgan@yahoo.com,Palau,2/17/2024
C1394,Larry Nunez,larry.nunez@yahoo.com,French Guiana,6/29/2023
C1395,Ryan Graves,ryan.graves@gmail.com,Northern Mariana Islands,5/6/2015
C1396,Melissa Fitzgerald,melissa.fitzgerald@outlook.com,Trinidad and Tobago,12/11/2022
C1397,Donald Jones,donald.jones@icloud.com,nauru,5/1/2015
C1398,Anthony Owen,anthony.owen@hotmail.com,Jersey,1/13/2021
C1399,Samuel Martinez,samuel.martinez@icloud.com,Guernsey,11/12/2022
C1400,Melissa Hansen,melissa.hansen@yahoo.com,Kenya,2/17/2020
C1401,  Mark Mathews  ,mark.mathews@yahoo.com,United Arab Emirates,10/5/2017
C1402,  Meredith Hood  ,meredith.hood@yahoo.com,Guinea-Bissau,1/16/2014
C1403,David Gray,david.gray@yahoo.com,Palestinian Territory,8/11/2020
C1404,Theresa Nicholson,theresa.nicholson@hotmail.com,Australia,8/26/2024
C1405,Steve Gibson,,Latvia,12/5/2016
C1406,  Brittney Sparks  ,brittney.sparks@yahoo.com,Honduras,2/17/2013
C1407,Todd Ortiz,,Jordan,7/8/2021
C1408,Laura Walker,laura.walker@hotmail.com,Netherlands,1/8/2024
C1409,Robert Gutierrez,robert.gutierrez@yahoo.com,Mali,4/16/2023
C1410,April Andrews,april.andrews@outlook.com,Equatorial Guinea,6/17/2023
C1411,Raven Kent,raven.kent@yahoo.com,Bahrain,2/15/2023
C1412,Alan Moore,alan.moore@gmail.com,Palestinian Territory,2/12/2022
C1413,Brittany Lowe,brittany.lowe@hotmail.com,Hong Kong,9/29/2023
C1414,Amy Boyd,amy.boyd@gmail.com,Honduras,4/26/2017
C1415,Stephanie Young,stephanie.young@hotmail.com,Costa Rica,3/15/2025
C1416,Emily Potter,emily.potter@yahoo.com,mozambique,6/4/2020
C1417,Zachary Rivas,zachary.rivas@yahoo.com,Northern Mariana Islands,2/28/2012
C1418,Mrs. Jasmine Swanson DDS,mrs..jasmine.swanson.dds@hotmail.com,Guyana,12/18/2017
C1419,  Tony Clarke  ,tony.clarke@outlook.com,Marshall Islands,5/18/2019
C1420,Bonnie Cross,bonnie.cross@outlook.com,guatemala,10/8/2023
C1421,Tanner Fischer,tanner.fischer@yahoo.com,Uzbekistan,5/6/2012
C1422,Kimberly Porter,kimberly.porter@yahoo.com,Bouvet Island (Bouvetoya),1/10/2018
C1423,Tammy Orr,tammy.orr@gmail.com,Jordan,4/24/2020
C1424,Kylie Clark,kylie.clark@yahoo.com,,10/10/2021
C1425,Brittany Campos,brittany.campos@hotmail.com,British Indian Ocean Territory (Chagos Archipelago),5/28/2024
C1426,Amanda Solis,amanda.solis@outlook.com,Antigua and Barbuda,4/29/2018
C1427,Jason Cobb,jason.cobb@outlook.com,,3/4/2019
C1428,  Jessica Meyer  ,jessica.meyer@gmail.com,montenegro,9/27/2019
C1429,Mathew Holloway,mathew.holloway@outlook.com,,3/29/2022
C1430,Andrew Johnson,andrew.johnson@outlook.com,Marshall Islands,8/9/2017
C1431,Allison Stewart,allison.stewart@icloud.com,Tanzania,11/4/2012
C1432,Teresa Cook,teresa.cook@hotmail.com,Libyan Arab Jamahiriya,2/3/2018
C1433,James Larson II,james.larson.ii@icloud.com,Colombia,10/26/2013
C1434,Jessica Rivers,jessica.rivers@outlook.com,Grenada,1/1/2012
C1435,Christopher Boyle,christopher.boyle@gmail.com,Netherlands,2/5/2025
C1436,Jose Henderson,jose.henderson@gmail.com,TOKELAU,2/4/2015
C1437,Charles Allen,charles.allen@outlook.com,Belgium,2/22/2018
C1438,Kimberly Coleman,kimberly.coleman@yahoo.com,French Polynesia,11/24/2020
C1439,Phillip Johnson,phillip.johnson@icloud.com,Austria,3/23/2017
C1440,Judy Morrow,,philippines,4/7/2022
C1441,Heather Murphy,heather.murphy@gmail.com,Gabon,2/25/2019
C1442,Justin Weaver,justin.weaver@gmail.com,Andorra,1/25/2023
C1443,Samantha Osborne,samantha.osborne@icloud.com,Papua New Guinea,11/21/2024
C1444,  Gavin Leonard  ,gavin.leonard@hotmail.com,Montenegro,4/13/2013
C1445,  Jesus Gonzalez  ,jesus.gonzalez@outlook.com,Sao Tome and Principe,6/29/2023
C1446,David Salinas,david.salinas@outlook.com,malaysia,12/5/2020
C1447,  James Owens  ,james.owens@hotmail.com,,9/4/2018
C1448,Jodi Singh,jodi.singh@icloud.com,Greenland,7/15/2015
C1449,Loretta Martin,loretta.martin@icloud.com,Micronesia,7/22/2012
C1450,Joyce Roy,joyce.roy@gmail.com,Latvia,10/21/2021
C1451,Charles Fernandez,charles.fernandez@hotmail.com,Germany,1/14/2025
C1452,  Amanda Smith  ,amanda.smith@icloud.com,Marshall Islands,9/2/2019
C1453,  Melissa Stone  ,melissa.stone@yahoo.com,Tunisia,4/23/2020
C1454,Richard Johnston,richard.johnston@outlook.com,Bouvet Island (Bouvetoya),2/16/2014
C1455,James Medina,james.medina@gmail.com,Comoros,8/7/2022
C1456,Christopher Hernandez,christopher.hernandez@hotmail.com,costa rica,12/12/2024
C1457,Angela Atkins,angela.atkins@gmail.com,Korea,6/11/2017
C1458,Ashlee Perez,ashlee.perez@icloud.com,Poland,4/8/2016
C1459,  Michael Duncan  ,michael.duncan@icloud.com,Holy See (Vatican City State),8/19/2016
C1460,Daniel Greene,daniel.greene@yahoo.com,Falkland Islands (Malvinas),2/9/2017
C1461,Nicholas Barrett,nicholas.barrett@outlook.com,Sao Tome and Principe,6/12/2022
C1462,April Zhang,april.zhang@gmail.con,nigeria,6/2/2015
C1463,Elizabeth Cook,elizabeth.cook@gmail.com,Malaysia,1/16/2015
C1464,Henry Fisher,henry.fisher@outlook.com,Tokelau,9/28/2012
C1465,William Barrett,william.barrett@icloud.com,Poland,1/18/2025
C1466,Sandra Dyer,sandra.dyer@outlook.com,Kazakhstan,1/17/2015
C1467,Melanie Brown,melanie.brown@gmail.com,Haiti,2/5/2013
C1468,Linda Williams,linda.williams@outlook.com,Tokelau,9/16/2015
C1469,William Jones,william.jones@icloud.com,Turkmenistan,3/24/2013
C1470,Susan Wright,susan.wright@outlook.com,Heard Island and McDonald Islands,9/11/2013
C1471,Jon Prince,jon.prince@hotmail.com,cuba,6/12/2023
C1472,Daniel Vega,daniel.vega@outlook.com,Pitcairn Islands,9/13/2015
C1473,Amanda Sherman,amanda.sherman@hotmail.com,Austria,10/30/2016
C1474,Edward Mendoza,edward.mendoza@outlook.com,ETHIOPIA,3/1/2017
C1475,Michael Stewart,michael.stewart@icloud.com,Philippines,9/18/2020
C1476,Brett Page,brett.page@yahoo.com,Central African Republic,9/20/2021
C1477,Ana Morrison,ana.morrison@yahoo.com,Algeria,1/17/2017
C1478,Joel Johnson,joel.johnson@hotmail.com,Indonesia,10/2/2024
C1479,Toni Atkins,toni.atkins@hotmail.com,,2/12/2018
C1480,Jessica Brown,jessica.brown@yahoo.com,Antarctica (the territory South of 60 deg S),12/9/2021
C1481,Tyler Gardner,tyler.gardner@icloud.com,Luxembourg,10/8/2020
C1482,Bobby Morrison,bobby.morrison@icloud.com,Mongolia,2/10/2019
C1483,Brett Pineda,brett.pineda@outlook.com,Uzbekistan,3/18/2022
C1484,Leslie Moore,leslie.moore@hotmail.com,Niue,6/27/2024
C1485,Richard Smith,richard.smith@icloud.com,Martinique,5/10/2019
C1486,Janice Shelton,,Northern Mariana Islands,8/7/2021
C1487,Miranda Rodriguez,miranda.rodriguez@outlook.com,Malaysia,7/22/2017
C1488,Lauren Lee,lauren.lee@outlook.com,Lithuania,3/20/2023
C1489,Christina Thomas,christina.thomas@yahoo.com,Lebanon,1/1/2014
C1490,Adam Spears,adam.spears@hotmail.com,Kyrgyz Republic,10/4/2014
C1491,Linda Arnold,linda.arnold@icloud.com,HOLY SEE (VATICAN CITY STATE),5/23/2016
C1492,Vincent Bowers,vincent.bowers@icloud.com,Pakistan,2/22/2012
C1493,Michael Davis,michael.davis@outlook.com,Azerbaijan,9/1/2023
C1494,Jasmine Scott,jasmine.scott@hotmail.com,Thailand,8/23/2016
C1495,Andrew Hodges,andrew.hodges@hotmail.com,Russian Federation,6/12/2021
C1496,Nicole Jarvis,nicole.jarvis@hotmail.com,Guinea-Bissau,12/26/2014
C1497,  Carlos Terry  ,carlos.terry@yahoo.com,Haiti,8/12/2020
C1498,Benjamin Wilson,,Singapore,4/14/2023
C1499,Evelyn Johnson,evelyn.johnson@hotmail.com,Tuvalu,2/10/2020
C1500,Timothy Vincent,timothy.vincent@yahoo.com,Croatia,12/6/2013
C1501,  Matthew Fry  ,matthew.fry@gmail.com,Guernsey,4/2/2018
C1502,William Velasquez,,san marino,10/19/2012
C1503,Yvette Patrick,yvette.patrick@icloud.com,gabon,4/23/2014
C1504,Taylor Cox MD,taylor.cox.md@icloud.com,Christmas Island,11/12/2024
C1505,  Aaron Brown  ,aaron.brown@outlook.com,Honduras,12/14/2021
C1506,Phillip Burke,phillip.burke@gmail.com,Haiti,9/3/2015
C1507,Jeremy Peterson,jeremy.peterson@yahoo.com,Zimbabwe,10/20/2017
C1508,Sarah Reed,sarah.reed@outlook.com,Suriname,1/13/2021
C1509,  John Rodriguez Jr.  ,john.rodriguez.jr.@yahoo.com,Congo,1/13/2024
C1510,John Harris,john.harris@yahoo.com,Norway,6/13/2024
C1511,Jodi Cooper,jodi.cooper@yahoo.com,Somalia,5/11/2022
C1512,Jennifer Pierce,jennifer.pierce@gmail.com,Australia,5/17/2016
C1513,Mrs. Rebecca Scott MD,mrs..rebecca.scott.md@gmail.com,New Caledonia,7/25/2016
C1514,Kelly Lopez,,Marshall Islands,10/26/2021
C1515,Evelyn Williams,evelyn.williams@hotmail.com,COTE D'IVOIRE,4/1/2012
C1516,James Warner,james.warner@icloud.com,El Salvador,9/3/2015
C1517,Hunter Williamson,hunter.williamson@gmail.com,Ethiopia,10/9/2018
C1518,Christopher Deleon,christopher.deleon@hotmail.com,United States of America,4/19/2012
C1519,  Richard Smith  ,richard.smith@hotmail.com,Peru,2/6/2016
C1520,Matthew Gutierrez,matthew.gutierrez@icloud.com,Samoa,4/7/2015
C1521,  Casey Hernandez  ,casey.hernandez@yahoo.com,Senegal,6/17/2019
C1522,  Gary Ramos  ,gary.ramos@hotmail.com,Germany,11/7/2015
C1523,Karen Williams,karen.williams@hotmail.com,Saint Lucia,1/25/2023
C1524,Vincent Smith,vincent.smith@hotmail.com,Azerbaijan,7/2/2024
C1525,Casey Brown,casey.brown@yahoo.com,romania,1/12/2015
C1526,Gregory Medina,gregory.medina@yohoo.com,Saint Kitts and Nevis,4/29/2024
C1527,Amanda Johnson,amanda.johnson@gmail.com,france,12/28/2014
C1528,Tara Rhodes,tara.rhodes@gmail.com,South Africa,10/8/2017
C1529,Michael Hill,michael.hill@hotmail.com,Portugal,5/10/2022
C1530,Erin Roach,erin.roach@yahoo.com,Saint Pierre and Miquelon,5/4/2014
C1531,Eric Mills MD,eric.mills.md@yahoo.com,Namibia,8/30/2020
C1532,Carrie Golden,carrie.golden@icloud.com,Senegal,10/8/2017
C1533,Kelly Callahan,kelly.callahan@hotmail.com,Guernsey,1/21/2013
C1534,Jason Harris,jason.harris@yohoo.com,Palestinian Territory,7/15/2021
C1535,Deborah Mathis,deborah.mathis@icloud.com,Nepal,5/10/2019
C1536,Denise Brown,denise.brown@yahoo.com,Kuwait,1/23/2020
C1537,Victor Johnson,victor.johnson@gmail.com,Vietnam,6/21/2018
C1538,Stephen Cordova,stephen.cordova@hotmail.com,,10/15/2014
C1539,Sandra Taylor,sandra.taylor@yahoo.com,ANTARCTICA (THE TERRITORY SOUTH OF 60 DEG S),11/1/2019
C1540,Thomas Robinson,thomas.robinson@hotmail.com,Mauritius,3/29/2013
C1541,Pamela Perez,pamela.perez@icloud.com,Australia,4/4/2017
C1542,Ms. Haley Garcia MD,ms..haley.garcia.md@icloud.com,Finland,8/4/2020
C1543,Paul Adams,paul.adams@icloud.com,Zimbabwe,1/1/2016
C1544,Karen George,karen.george@outlook.com,Paraguay,10/25/2013
C1545,Michael May,michael.may@hotmail.com,Jordan,10/23/2024
C1546,Connie Richmond,connie.richmond@icloud.com,french southern territories,11/16/2015
C1547,Todd Stokes,todd.stokes@icloud.com,Israel,1/23/2023
C1548,Michelle Lee,michelle.lee@hotmail.com,Martinique,7/1/2016
C1549,Teresa Cordova,teresa.cordova@icloud.com,Marshall Islands,4/12/2017
C1550,Emily Garcia,emily.garcia@hotmail.com,Djibouti,11/10/2015
C1551,Sara Johnson,sara.johnson@yahoo.com,Mayotte,10/20/2018
C1552,David Acevedo,david.acevedo@hotmail.com,Sierra Leone,7/24/2017
C1553,  Kristopher Hansen  ,kristopher.hansen@hotmail.com,Saint Martin,4/8/2016
C1554,Monica Gregory,monica.gregory@outlook.com,Chile,10/2/2012
C1555,Tina Watson,tina.watson@yahoo.com,Ireland,5/1/2014
C1556,Nicholas Rodriguez,,CZECH REPUBLIC,10/9/2020
C1557,  Hannah Camacho  ,hannah.camacho@icloud.com,Wallis and Futuna,7/2/2022
C1558,Joanne Watson,,Malawi,2/4/2017
C1559,Thomas Reed,thomas.reed@yahoo.com,United States of America,12/4/2023
C1560,Kyle Wells,kyle.wells@outlook.com,New Zealand,2/20/2015
C1561,Teresa Flores,teresa.flores@hotmail.com,Montenegro,6/15/2023
C1562,  Jesse Cohen  ,jesse.cohen@gmail.com,SPAIN,4/30/2012
C1563,Allen Hogan,allen.hogan@outlook.com,Turkmenistan,6/25/2025
C1564,Sandra Crawford,sandra.crawford@yahoo.com,Gibraltar,3/6/2012
C1565,Christina Roth,christina.roth@outlook.com,cameroon,4/13/2023
C1566,Robert Ward,robert.ward@outlook.com,Liberia,1/3/2019
C1567,Barbara Buchanan,barbara.buchanan@outlook.com,Jersey,6/28/2020
C1568,Heidi Blake,heidi.blake@icloud.com,Colombia,8/14/2018
C1569,  Mr. Richard Banks II  ,mr..richard.banks.ii@gmail.com,Dominica,12/29/2021
C1570,Michelle Scott,michelle.scott@yahoo.com,Australia,11/25/2022
C1571,  Joyce Avila  ,joyce.avila@yahoo.com,Guinea,10/31/2017
C1572,Brandi Ballard,brandi.ballard@yahoo.com,Cape Verde,9/3/2022
C1573,Debbie Smith,debbie.smith@hotmail.com,Egypt,3/1/2025
C1574,Tiffany Maynard,tiffany.maynard@yahoo.com,Brunei Darussalam,12/24/2018
C1575,Gregory Miller,,Uzbekistan,5/23/2018
C1576,Derek Smith,derek.smith@gmail.com,Guadeloupe,11/21/2018
C1577,  Jimmy Harrell  ,jimmy.harrell@hotmail.com,Ethiopia,3/13/2015
C1578,Nicholas Smith,nicholas.smith@hotmail.com,Samoa,7/8/2015
C1579,Matthew Harmon,matthew.harmon@outlook.com,Benin,12/12/2012
C1580,Lisa Hernandez,lisa.hernandez@icloud.com,Jamaica,10/31/2012
C1581,  Tyler Williams  ,tyler.williams@hotmail.com,Kyrgyz Republic,12/7/2014
C1582,  Patrick Chavez  ,patrick.chavez@hotmail.com,United States of America,4/4/2021
C1583,Jacqueline Evans,jacqueline.evans@gmail.com,India,8/10/2016
C1584,Andres Grant,andres.grant@yahoo.com,Malawi,4/8/2015
C1585,Mary Chang,mary.chang@hotmail.com,Vanuatu,9/28/2012
C1586,Jason Weaver,,Kuwait,1/10/2023
C1587,Victoria Hernandez,victoria.hernandez@icloud.com,Finland,7/7/2020
C1588,Charles Hopkins,charles.hopkins@gmail.com,Zimbabwe,3/17/2023
C1589,Jeffery Vega,jeffery.vega@icloud.com,Kenya,12/25/2014
C1590,Jessica Thomas,jessica.thomas@hotmail.com,tokelau,3/12/2022
C1591,Cody Baker,cody.baker@hotmail.com,Norfolk Island,7/21/2018
C1592,Mariah Williams,mariah.williams@gmail.com,Cambodia,8/15/2023
C1593,Alexander Macdonald,alexander.macdonald@outlook.com,Thailand,12/23/2021
C1594,Ashley Morales,ashley.morales@outlook.com,Solomon Islands,9/21/2022
C1595,Kerry Martinez,kerry.martinez@hotmail.com,Libyan Arab Jamahiriya,10/14/2022
C1596,Timothy Cochran,timothy.cochran@hotmail.com,Christmas Island,11/10/2024
C1597,Terri Chapman,terri.chapman@icloud.com,China,5/1/2014
C1598,James Palmer,james.palmer@icloud.com,Montserrat,3/30/2020
C1599,Samuel Simpson,samuel.simpson@yohoo.com,Hong Kong,10/26/2020
C1600,Nicolas Miles,nicolas.miles@yahoo.com,Indonesia,8/4/2017
C1601,Amber Dyer,amber.dyer@hotmail.com,Korea,3/5/2013
C1602,Kathy Farrell,kathy.farrell@yahoo.com,Yemen,7/26/2018
C1603,Linda Green,linda.green@outlook.com,Lao People's Democratic Republic,11/3/2018
C1604,Colleen Newman,colleen.newman@hotmail.com,Congo,12/4/2014
C1605,Jacob Harris,jacob.harris@hotmail.com,Slovakia (Slovak Republic),5/4/2022
C1606,Lisa Howe,lisa.howe@gmail.com,Netherlands,1/12/2018
C1607,Timothy Cunningham,timothy.cunningham@hotmail.com,Kiribati,6/6/2015
C1608,Steven Hodge,steven.hodge@outlook.com,Kenya,11/23/2014
C1609,Robert Ross,robert.ross@hotmail.com,eritrea,7/13/2015
C1610,Nancy Mills,,British Indian Ocean Territory (Chagos Archipelago),7/10/2013
C1611,Sheila Woods,sheila.woods@hotmail.com,French Guiana,4/30/2021
C1612,Jessica Paul,jessica.paul@yahoo.com,Bolivia,12/2/2022
C1613,  Debra Brady  ,debra.brady@icloud.com,Guyana,8/8/2020
C1614,Laura Moody,laura.moody@icloud.com,United States Virgin Islands,11/13/2015
C1615,Kristen Charles PhD,kristen.charles.phd@gmail.com,Morocco,2/26/2016
C1616,Shane Sutton,shane.sutton@hotmail.com,Kuwait,7/22/2015
C1617,Lisa Rodriguez,lisa.rodriguez@icloud.com,Rwanda,12/8/2016
C1618,David Henderson,david.henderson@icloud.com,Andorra,1/30/2014
C1619,Edward Sullivan,edward.sullivan@gmail.com,SAINT PIERRE AND MIQUELON,11/1/2020
C1620,Brenda Bennett,brenda.bennett@gmail.com,Serbia,2/16/2016
C1621,Thomas Cortez,thomas.cortez@hotmail.com,Oman,11/20/2020
C1622,Karen Webb,karen.webb@yahoo.com,Kiribati,10/1/2012
C1623,Douglas Wagner,douglas.wagner@hotmail.com,Netherlands,3/11/2018
C1624,Maxwell Lopez,maxwell.lopez@yahoo.com,Philippines,8/1/2023
C1625,Christopher Mcknight,christopher.mcknight@gmail.com,Western Sahara,12/30/2020
C1626,Lance Clay,lance.clay@outlook.com,Niger,2/4/2012
C1627,Kelsey Lam,kelsey.lam@hotmail.com,Panama,8/7/2021
C1628,  Frances Fisher  ,frances.fisher@outlook.com,Turks and Caicos Islands,6/19/2022
C1629,Corey Carpenter,corey.carpenter@yahoo.com,,11/21/2023
C1630,Lee Hall,lee.hall@hotmail.com,Honduras,12/21/2024
C1631,  Benjamin Smith  ,benjamin.smith@outlook.com,Tunisia,2/16/2017
C1632,Mary Russell,mary.russell@outlook.com,Montserrat,1/9/2019
C1633,Mckenzie Larson,mckenzie.larson@hotmail.com,saint kitts and nevis,4/12/2020
C1634,William Gonzalez,william.gonzalez@outlook.com,malawi,3/28/2025
C1635,  Kristine White  ,kristine.white@hotmail.com,Djibouti,9/30/2022
C1636,Erica Watson,erica.watson@outlook.com,Netherlands,12/10/2013
C1637,Mary Pratt,,Israel,11/2/2020
C1638,Anthony Hill,anthony.hill@hotmail.com,Armenia,5/29/2025
C1639,Maria Mills,maria.mills@gmail.com,qatar,8/14/2012
C1640,  Paula Cooper  ,paula.cooper@icloud.com,Mayotte,10/14/2023
C1641,Jonathan Rios,jonathan.rios@gmail.com,United Arab Emirates,2/5/2013
C1642,Kathy Horn,kathy.horn@outlook.com,Myanmar,11/3/2017
C1643,Henry Wilcox,henry.wilcox@yahoo.com,saint vincent and the grenadines,10/25/2018
C1644,Amber Scott,amber.scott@gmail.com,China,4/21/2015
C1645,Lee Michael,lee.michael@gmail.com,Reunion,3/17/2016
C1646,Elizabeth Owens,,Armenia,9/14/2020
C1647,Benjamin Grant,benjamin.grant@yahoo.com,Western Sahara,10/9/2022
C1648,Wesley Lewis,wesley.lewis@yahoo.com,Western Sahara,5/3/2021
C1649,Melissa Hayes,melissa.hayes@gmail.con,Zimbabwe,6/7/2019
C1650,Shirley Webster,shirley.webster@icloud.com,Bolivia,6/22/2013
C1651,Steven Cook,steven.cook@yahoo.com,Greenland,2/2/2025
C1652,Jennifer Strickland,jennifer.strickland@yahoo.com,NETHERLANDS ANTILLES,1/18/2018
C1653,Christine Gomez,christine.gomez@yahoo.com,Colombia,3/22/2024
C1654,Anthony Carson,anthony.carson@hotmail.com,Haiti,2/23/2025
C1655,Bradley Nguyen,bradley.nguyen@gmail.com,Bulgaria,4/30/2020
C1656,Calvin Martin,calvin.martin@icloud.com,Macao,4/15/2019
C1657,Victoria Hamilton,victoria.hamilton@yahoo.com,Turks and Caicos Islands,5/6/2015
C1658,Thomas Wright,thomas.wright@hotmail.com,,5/30/2012
C1659,Tyler Braun,tyler.braun@outlook.com,Wallis and Futuna,5/11/2025
C1660,Christian Evans,christian.evans@outlook.com,Saint Pierre and Miquelon,4/4/2020
C1661,William Clay,william.clay@yahoo.com,,7/21/2012
C1662,  Shane Edwards  ,shane.edwards@icloud.com,Heard Island and McDonald Islands,5/24/2013
C1663,Stephanie Trujillo,stephanie.trujillo@icloud.com,Gambia,1/2/2013
C1664,Julia Gray,julia.gray@gmail.com,Tokelau,12/1/2021
C1665,  Katie Jones  ,katie.jones@yahoo.com,Solomon Islands,12/7/2015
C1666,Mrs. Lindsey Morrow,mrs..lindsey.morrow@outlook.com,Cameroon,10/3/2019
C1667,Taylor Cruz,taylor.cruz@gmail.com,,7/30/2012
C1668,Kayla Davis,kayla.davis@icloud.com,Indonesia,5/9/2022
C1669,  Jennifer Ruiz  ,jennifer.ruiz@gmail.com,Latvia,10/7/2021
C1670,Bradley Ross,bradley.ross@outlook.com,Nauru,12/9/2015
C1671,Laura Hammond,laura.hammond@icloud.com,Grenada,7/8/2018
C1672,Tiffany Coleman,tiffany.coleman@hotmail.com,Turks and Caicos Islands,5/1/2013
C1673,Caroline Hayes,caroline.hayes@hotmail.com,monaco,1/20/2013
C1674,Mitchell Mcmillan,mitchell.mcmillan@yahoo.com,Cook Islands,7/20/2021
C1675,Dawn Nguyen,dawn.nguyen@gmail.com,macao,10/15/2020
C1676,Casey Floyd,casey.floyd@icloud.com,Sri Lanka,4/3/2015
C1677,Scott Anderson,scott.anderson@yahoo.com,Libyan Arab Jamahiriya,7/26/2021
C1678,Brian James,brian.james@gmail.com,,3/13/2018
C1679,Krystal Anderson,krystal.anderson@outlook.com,Benin,10/1/2024
C1680,Susan Edwards,susan.edwards@icloud.com,TRINIDAD AND TOBAGO,2/26/2019
C1681,Bradley Meyer,bradley.meyer@gmail.com,portugal,2/22/2023
C1682,Michael Jackson,michael.jackson@icloud.com,Honduras,2/19/2021
C1683,Erica Ramirez,,greece,8/26/2016
C1684,Nicole Matthews,,Kiribati,1/16/2013
C1685,Daniel Smith,daniel.smith@icloud.com,Haiti,8/31/2024
C1686,Michael Cox,michael.cox@hotmail.com,russian federation,11/28/2016
C1687,  Jim Mueller  ,jim.mueller@outlook.com,ROMANIA,8/14/2014
C1688,Austin Holt,austin.holt@gmail.com,SAUDI ARABIA,7/27/2017
C1689,Douglas Hubbard,,Israel,5/1/2019
C1690,Judy Briggs,judy.briggs@outlook.com,Lithuania,7/28/2021
C1691,Cindy Greene,cindy.greene@gmail.com,Iran,7/11/2024
C1692,  Christine Shields  ,christine.shields@hotmail.com,Timor-Leste,6/2/2018
C1693,Matthew Glover,matthew.glover@hotmail.com,United States Virgin Islands,6/9/2019
C1694,Erin Lloyd,erin.lloyd@gmail.com,India,4/24/2019
C1695,Monica Williams,monica.williams@hotmail.com,Macao,7/5/2013
C1696,Kimberly Jones,kimberly.jones@outlook.com,spain,11/16/2013
C1697,Lisa Huffman,lisa.huffman@hotmail.com,Mauritania,12/29/2018
C1698,  Christopher Payne  ,christopher.payne@yahoo.com,Maldives,10/21/2017
C1699,Charles Cole,charles.cole@hotmail.com,Gibraltar,4/30/2025
C1700,James Roach,james.roach@outlok.com,Sierra Leone,8/15/2023
C1701,Tammy Bryant,tammy.bryant@icloud.com,Bosnia and Herzegovina,10/25/2014
C1702,Keith Lewis,keith.lewis@outlook.com,Turkmenistan,2/16/2018
C1703,  Mason Huff  ,mason.huff@icloud.com,Western Sahara,9/10/2022
C1704,Randall Bailey,randall.bailey@icloud.com,Romania,7/12/2023
C1705,Kirk Murphy,kirk.murphy@hotmail.com,Libyan Arab Jamahiriya,6/1/2016
C1706,Diamond Roberts,diamond.roberts@hotmail.com,Nicaragua,6/10/2020
C1707,Jennifer Hernandez,jennifer.hernandez@hotmail.com,holy see (vatican city state),12/2/2016
C1708,Brandon Stephens,brandon.stephens@icloud.com,Mauritania,11/26/2013
C1709,Glenn Mckee,glenn.mckee@outlook.com,Kuwait,1/29/2012
C1710,Tommy Bailey,tommy.bailey@outlook.com,Comoros,10/16/2019
C1711,  John Wagner  ,john.wagner@yahoo.com,Congo,3/20/2015
C1712,Christian Bradley,christian.bradley@gmail.com,Morocco,9/26/2013
C1713,Gabriel Johnson,gabriel.johnson@outlook.com,Lao People's Democratic Republic,8/27/2015
C1714,Lisa Torres,lisa.torres@hotmail.com,Mali,8/10/2018
C1715,Jeffrey Smith,jeffrey.smith@yahoo.com,Jersey,3/28/2018
C1716,  Alan Silva  ,alan.silva@hotmail.com,Egypt,5/30/2013
C1717,Patrick Johnson,patrick.johnson@icloud.com,Israel,7/5/2019
C1718,Timothy Dunn,timothy.dunn@icloud.com,Somalia,3/31/2015
C1719,Kayla Howard,kayla.howard@hotmail.com,Brunei Darussalam,11/23/2020
C1720,Susan Jackson,susan.jackson@outlook.com,YEMEN,6/28/2021
C1721,Dennis Wright Jr.,dennis.wright.jr.@gmail.com,Sudan,5/15/2015
C1722,Susan Kennedy,susan.kennedy@gmail.con,russian federation,10/7/2017
C1723,Amber Gonzalez,,Russian Federation,7/28/2024
C1724,Beth Riley,beth.riley@yahoo.com,Kenya,2/27/2021
C1725,Mary Mullen,mary.mullen@hotmail.com,Mongolia,12/25/2020
C1726,William Mcmillan,william.mcmillan@yahoo.com,Tanzania,8/6/2019
C1727,Ian Porter,ian.porter@outlook.com,Equatorial Guinea,11/3/2022
C1728,Micheal Morgan,micheal.morgan@outlook.com,UGANDA,6/23/2016
C1729,Kristin James,kristin.james@outlook.com,Albania,3/9/2015
C1730,Samantha Bauer,samantha.bauer@outlook.com,Togo,1/5/2021
C1731,  Edward Moyer  ,edward.moyer@icloud.com,British Virgin Islands,11/11/2016
C1732,Joshua Smith,joshua.smith@outlook.com,French Polynesia,12/14/2023
C1733,Cole Perry III,cole.perry.iii@icloud.com,South Georgia and the South Sandwich Islands,3/20/2022
C1734,Joshua Jennings,joshua.jennings@gmail.com,Saint Lucia,3/30/2024
C1735,Ryan Rogers,ryan.rogers@icloud.com,Mauritania,5/17/2013
C1736,Scott Burch,scott.burch@yahoo.com,Isle of Man,3/11/2015
C1737,Brandon Schultz,brandon.schultz@gmail.com,United Kingdom,5/24/2019
C1738,  Cheyenne Gregory  ,cheyenne.gregory@yahoo.com,,1/13/2024
C1739,Vanessa Howard,vanessa.howard@hotmail.com,kuwait,1/23/2014
C1740,Charles Padilla,charles.padilla@hotmail.com,Solomon Islands,8/17/2019
C1741,Allen Krueger,allen.krueger@icloud.com,Moldova,11/13/2014
C1742,Allison Jordan,allison.jordan@yahoo.com,Bolivia,9/24/2024
C1743,Kristen Perez,kristen.perez@hotmail.com,Cocos (Keeling) Islands,4/28/2022
C1744,Christopher King,christopher.king@hotmail.com,Morocco,8/1/2012
C1745,Breanna Nichols,breanna.nichols@hotmail.com,Aruba,10/20/2016
C1746,Angela Duke,angela.duke@gmail.com,Pitcairn Islands,8/27/2014
C1747,Thomas Smith,thomas.smith@gmail.com,Pitcairn Islands,5/8/2014
C1748,David Chan,david.chan@outlook.com,Timor-Leste,2/23/2024
C1749,David Cooley,david.cooley@yahoo.com,Serbia,2/4/2019
C1750,Cynthia Patton,cynthia.patton@hotmail.com,Kuwait,12/26/2015
C1751,  Gordon Nguyen  ,gordon.nguyen@yahoo.com,Reunion,3/29/2024
C1752,  Pam Allen  ,pam.allen@outlook.com,Sao Tome and Principe,12/16/2019
C1753,Derrick Rivera,derrick.rivera@outlok.com,Central African Republic,1/17/2016
C1754,Michelle Garza,michelle.garza@outlook.com,Albania,6/9/2025
C1755,Mrs. Christine Warren,mrs..christine.warren@hotmail.com,Tunisia,8/16/2020
C1756,Rachael Spencer,rachael.spencer@icloud.com,Marshall Islands,12/10/2018
C1757,Jason Buck,jason.buck@icloud.com,Niger,5/23/2014
C1758,Anthony Curry,anthony.curry@outlook.com,South Georgia and the South Sandwich Islands,4/4/2021
C1759,Jennifer Young,jennifer.young@hotmail.com,Iceland,5/23/2018
C1760,Linda Bullock,linda.bullock@icloud.com,United States Minor Outlying Islands,11/4/2020
C1761,Angela Page,angela.page@outlook.com,Sierra Leone,10/6/2017
C1762,Ashley Young,ashley.young@outlook.com,El Salvador,6/17/2019
C1763,  Wyatt Potts  ,wyatt.potts@hotmail.com,Togo,12/11/2020
C1764,Carmen Carter,carmen.carter@outlook.com,South Africa,4/25/2022
C1765,Bobby Cruz,bobby.cruz@outlook.com,Timor-Leste,12/1/2015
C1766,Melissa Jones,melissa.jones@outlook.com,IRAN,4/17/2015
C1767,Mark Reyes,mark.reyes@yahoo.com,Rwanda,12/25/2023
C1768,Jason Smith,jason.smith@gmail.com,Montenegro,10/3/2024
C1769,John Wood,john.wood@yahoo.com,Bahamas,4/14/2019
C1770,Susan Wilson,susan.wilson@outlook.com,lithuania,4/16/2013
C1771,Ricardo Hicks,ricardo.hicks@gmail.com,Malta,2/13/2022
C1772,  Antonio Hall  ,antonio.hall@yohoo.com,Guinea-Bissau,9/27/2023
C1773,Connor Chambers,connor.chambers@yahoo.com,Czech Republic,8/13/2014
C1774,Bonnie Williamson,bonnie.williamson@yahoo.com,Tajikistan,1/29/2018
C1775,Timothy Knapp,timothy.knapp@yahoo.com,nepal,6/25/2021
C1776,Scott Michael,scott.michael@hotmail.com,Saint Helena,6/25/2018
C1777,Andrew Hampton,andrew.hampton@outlook.com,Christmas Island,12/13/2015
C1778,Micheal Garcia,micheal.garcia@icloud.com,Saint Pierre and Miquelon,8/28/2022
C1779,Kevin Hernandez,kevin.hernandez@icloud.com,Philippines,12/16/2022
C1780,Ashley Fields,ashley.fields@icloud.com,Peru,2/10/2013
C1781,Alexander Bradley,alexander.bradley@outlook.com,Palestinian Territory,5/16/2018
C1782,Michelle Jacobs,michelle.jacobs@gmail.com,AFGHANISTAN,4/12/2019
C1783,Amanda Mckinney,amanda.mckinney@yahoo.com,Christmas Island,9/27/2022
C1784,Amy Williams,amy.williams@outlook.com,isle of man,6/27/2014
C1785,Lori Smith,lori.smith@yahoo.com,Japan,7/17/2016
C1786,Patricia Brown,patricia.brown@outlook.com,Qatar,5/15/2018
C1787,Terry Fields,terry.fields@yahoo.com,Honduras,2/9/2020
C1788,Erin Chang,erin.chang@outlook.com,Taiwan,6/5/2017
C1789,Lucas Spencer,lucas.spencer@gmail.com,Guernsey,7/4/2024
C1790,Amy Hunter,amy.hunter@icloud.com,Trinidad and Tobago,2/23/2023
C1791,Jennifer Hamilton,jennifer.hamilton@yahoo.com,United States Virgin Islands,7/3/2016
C1792,Andrea Brooks,andrea.brooks@outlook.com,,12/15/2015
C1793,Andrew Lee,andrew.lee@gmail.com,Ghana,9/17/2014
C1794,Willie Hunt,willie.hunt@gmail.com,Panama,12/13/2021
C1795,Dr. Rachel Cordova DVM,dr..rachel.cordova.dvm@icloud.com,panama,5/8/2025
C1796,Sherri Smith,sherri.smith@outlook.com,Papua New Guinea,1/3/2022
C1797,Beverly Allen,beverly.allen@yahoo.com,CAPE VERDE,2/3/2024
C1798,Adam Fernandez,adam.fernandez@hotmail.com,Saint Lucia,9/14/2024
C1799,Alisha Morrison,alisha.morrison@gmail.com,Malawi,11/16/2015
C1800,Patrick Smith,patrick.smith@gmail.con,Hungary,3/22/2023
C1801,Devon Hicks,devon.hicks@icloud.com,Angola,10/28/2016
C1802,Marvin Mccoy,marvin.mccoy@outlook.com,Algeria,10/26/2018
C1803,Savannah Lin,savannah.lin@hotmail.com,Belarus,8/3/2024
C1804,Ashley West,ashley.west@hotmail.com,Puerto Rico,1/29/2025
C1805,Wesley Berry,wesley.berry@hotmail.com,Australia,3/9/2019
C1806,Denise Dalton,denise.dalton@outlook.com,Romania,6/4/2020
C1807,Donna Waller,donna.waller@yahoo.com,,4/4/2021
C1808,Jodi Wilson,jodi.wilson@gmail.com,Armenia,1/27/2022
C1809,Terry Jackson,terry.jackson@outlook.com,Paraguay,5/15/2021
C1810,Courtney Ryan,courtney.ryan@hotmail.com,United Kingdom,12/13/2013
C1811,Kathy Santiago,kathy.santiago@gmail.com,Thailand,1/9/2013
C1812,Glenn Ray,glenn.ray@gmail.com,Gibraltar,12/7/2016
C1813,Barbara Aguilar,barbara.aguilar@hotmail.com,Singapore,4/27/2023
C1814,Derek Khan,derek.khan@hotmail.com,Venezuela,1/2/2025
C1815,Carlos Pearson,carlos.pearson@gmail.com,Burkina Faso,3/8/2018
C1816,Blake Aguirre,blake.aguirre@icloud.com,TOGO,2/7/2017
C1817,Kristina Odonnell DVM,kristina.odonnell.dvm@gmail.com,Ireland,5/16/2018
C1818,Jeffrey Finley,jeffrey.finley@yahoo.com,Montserrat,1/8/2018
C1819,Trevor Hines,trevor.hines@yahoo.com,Estonia,8/14/2020
C1820,Samuel Clark,,Australia,2/6/2025
C1821,Wyatt Mercado,wyatt.mercado@outlook.com,Papua New Guinea,6/13/2016
C1822,Kathleen Graham,kathleen.graham@gmail.com,Estonia,6/18/2016
C1823,  Lucas Mccarthy DDS  ,lucas.mccarthy.dds@yahoo.com,Vietnam,12/11/2012
C1824,Karen Baker,karen.baker@gmail.com,Cambodia,1/28/2024
C1825,Vanessa West,vanessa.west@icloud.com,Saint Vincent and the Grenadines,10/12/2018
C1826,Joshua Alvarez,joshua.alvarez@hotmail.com,San Marino,6/21/2014
C1827,James Kramer,james.kramer@icloud.com,Belize,6/28/2016
C1828,Anthony Humphrey,anthony.humphrey@icloud.com,Aruba,8/15/2012
C1829,Alexandra Haas,alexandra.haas@icloud.com,French Southern Territories,8/10/2020
C1830,  Elizabeth Decker  ,elizabeth.decker@yahoo.com,Austria,11/10/2018
C1831,Todd Rogers,todd.rogers@icloud.com,Canada,4/26/2024
C1832,  Casey Wise  ,casey.wise@hotmail.com,Chile,5/14/2014
C1833,Brent Spencer,brent.spencer@hotmail.com,Sri Lanka,6/17/2021
C1834,  Jonathon Brown  ,jonathon.brown@hotmail.com,Timor-Leste,4/5/2016
C1835,Thomas Collins,thomas.collins@outlook.com,cook islands,8/29/2017
C1836,Brittney Garcia,brittney.garcia@icloud.com,SOUTH GEORGIA AND THE SOUTH SANDWICH ISLANDS,9/8/2013
C1837,Daniel Donaldson IV,daniel.donaldson.iv@hotmail.com,New Caledonia,11/6/2021
C1838,Gregory Page,gregory.page@outlook.com,Croatia,10/9/2023
C1839,Janice Roth,janice.roth@icloud.com,sierra leone,1/5/2020
C1840,Veronica Willis,veronica.willis@icloud.com,Samoa,12/16/2020
C1841,Christina Smith,christina.smith@gmail.com,San Marino,1/2/2015
C1842,April Fleming,april.fleming@icloud.com,Nepal,10/23/2012
C1843,Melanie Wilson,melanie.wilson@gmail.com,Chad,6/9/2025
C1844,Joseph Johnson,joseph.johnson@yahoo.com,Ethiopia,6/21/2014
C1845,Glen Lynch,glen.lynch@yahoo.com,Anguilla,12/11/2019
C1846,Robert Chang,robert.chang@outlook.com,BERMUDA,8/7/2012
C1847,Todd Woods,todd.woods@gmail.com,Fiji,4/22/2014
C1848,Julia Davis,julia.davis@yahoo.com,Fiji,4/13/2023
C1849,  Robert Lewis  ,robert.lewis@yahoo.com,Aruba,5/12/2016
C1850,Kathryn Boyd,kathryn.boyd@yahoo.com,Jordan,6/23/2020
C1851,Jasmine Ryan,jasmine.ryan@outlok.com,Botswana,11/5/2018
C1852,Amber Stevens,amber.stevens@gmail.com,morocco,4/14/2024
C1853,Barbara Rowe,barbara.rowe@yahoo.com,Armenia,7/31/2012
C1854,  Steven Erickson  ,steven.erickson@gmail.com,Andorra,6/5/2020
C1855,Allen Dougherty,,Saint Pierre and Miquelon,1/9/2022
C1856,  Steven Marshall  ,steven.marshall@hotmail.com,uganda,4/17/2016
C1857,Jessica Perez,jessica.perez@icloud.com,Botswana,5/25/2023
C1858,Carlos Clark,carlos.clark@hotmail.com,Bermuda,7/10/2018
C1859,Christopher Williams,christopher.williams@outlook.com,Saint Helena,10/16/2019
C1860,Steven Wilson,steven.wilson@gmail.com,Macao,10/20/2012
C1861,Anthony Higgins,anthony.higgins@yahoo.com,United States Virgin Islands,6/24/2014
C1862,Dennis Smith,dennis.smith@outlook.com,Thailand,8/24/2022
C1863,Dawn Martin,dawn.martin@outlook.com,Brazil,4/27/2016
C1864,Randy Morrow,randy.morrow@hotmail.com,Heard Island and McDonald Islands,6/16/2019
C1865,Chase Smith,chase.smith@gmail.com,Burundi,12/17/2024
C1866,Maurice Kelly,maurice.kelly@yahoo.com,Iran,2/9/2018
C1867,Cynthia Lee,cynthia.lee@outlook.com,Saint Martin,10/22/2021
C1868,Andrea Hoffman,andrea.hoffman@icloud.com,Mongolia,3/13/2013
C1869,Denise Gonzalez,denise.gonzalez@yahoo.com,Hong Kong,1/28/2021
C1870,Veronica Delgado,veronica.delgado@hotmail.com,Antarctica (the territory South of 60 deg S),4/22/2024
C1871,  Dr. Rhonda Thompson  ,dr..rhonda.thompson@gmail.com,Burundi,6/29/2021
C1872,Christine Thompson,christine.thompson@icloud.com,Saint Lucia,9/17/2014
C1873,  Sara Brock  ,sara.brock@yahoo.com,Benin,5/6/2018
C1874,Debra Potter MD,debra.potter.md@yahoo.com,Falkland Islands (Malvinas),5/2/2015
C1875,Natalie Davis,natalie.davis@outlook.com,Armenia,11/21/2017
C1876,David Burgess,david.burgess@yahoo.com,Guinea-Bissau,12/11/2018
C1877,Joyce Ware,,United States Minor Outlying Islands,6/23/2019
C1878,Ashley Smith,ashley.smith@gmail.com,Nepal,8/3/2014
C1879,Travis Hall,travis.hall@yahoo.com,Turks and Caicos Islands,9/21/2015
C1880,Micheal Burke,micheal.burke@outlook.com,,1/30/2013
C1881,Joy Sherman,joy.sherman@icloud.com,Cape Verde,4/16/2020
C1882,  Justin Potter  ,justin.potter@icloud.com,,4/9/2025
C1883,William Hernandez,,Svalbard & Jan Mayen Islands,2/12/2022
C1884,Monica Daniels,monica.daniels@hotmail.com,Kenya,4/20/2023
C1885,Heidi Clements,heidi.clements@gmail.com,ethiopia,9/21/2015
C1886,Daniel Dorsey,daniel.dorsey@hotmail.com,Serbia,12/30/2016
C1887,William Clark,william.clark@yohoo.com,Martinique,5/18/2014
C1888,Veronica Pace,veronica.pace@hotmail.com,paraguay,12/11/2014
C1889,Amanda Leon,amanda.leon@outlook.com,Canada,8/1/2014
C1890,Richard Blackwell,richard.blackwell@icloud.com,TUVALU,4/20/2024
C1891,Terri Banks,terri.banks@icloud.com,Israel,4/21/2025
C1892,Kimberly Ortiz,,Malaysia,7/25/2020
C1893,Jason Stewart,jason.stewart@hotmail.com,Ecuador,5/29/2024
C1894,Breanna Harris,breanna.harris@gmail.com,Seychelles,11/22/2024
C1895,David Gardner,david.gardner@icloud.com,Christmas Island,8/7/2023
C1896,Andrea Wood,andrea.wood@gmail.com,Northern Mariana Islands,2/21/2012
C1897,Elizabeth Henderson,elizabeth.henderson@hotmail.com,Malawi,2/15/2023
C1898,Joshua Greene,joshua.greene@outlook.com,Canada,1/4/2015
C1899,Rachel Erickson,rachel.erickson@icloud.com,Bosnia and Herzegovina,5/27/2022
C1900,Samuel Robles,samuel.robles@outlook.com,Cyprus,9/12/2017
C1901,Alexandra Williams,alexandra.williams@gmail.com,Tokelau,11/12/2024
C1902,Melissa Dixon DDS,melissa.dixon.dds@gmail.com,Cuba,8/17/2019
C1903,  Sarah Ritter  ,sarah.ritter@yahoo.com,Qatar,4/1/2025
C1904,Luke Huber,luke.huber@icloud.com,Denmark,7/9/2018
C1905,Charles Oliver,charles.oliver@icloud.com,,6/8/2016
C1906,Charles Woods,charles.woods@gmail.com,Equatorial Guinea,1/10/2017
C1907,Brian Patel,brian.patel@outlook.com,Monaco,12/5/2013
C1908,Kayla Lloyd,kayla.lloyd@icloud.com,Slovenia,12/15/2020
C1909,Taylor Mccarthy,taylor.mccarthy@gmail.com,Philippines,4/28/2023
C1910,Angela Barnes,angela.barnes@yahoo.com,Belize,7/11/2023
C1911,Glenda Carson,glenda.carson@hotmail.com,Tonga,11/1/2017
C1912,Stephen Campbell,stephen.campbell@icloud.com,Bulgaria,12/7/2017
C1913,Karen Baxter,karen.baxter@hotmail.com,Bouvet Island (Bouvetoya),9/13/2016
C1914,Matthew Allen,matthew.allen@outlook.com,Namibia,5/22/2022
C1915,  Bonnie Perez  ,bonnie.perez@yahoo.com,Saint Helena,7/21/2020
C1916,Leslie Chapman,leslie.chapman@icloud.com,Qatar,1/21/2016
C1917,David Anderson,david.anderson@hotmail.com,japan,9/8/2023
C1918,Dennis Johnson,dennis.johnson@hotmail.com,Ghana,3/5/2023
C1919,Nicole Blake,nicole.blake@gmail.com,North Macedonia,4/10/2020
C1920,Mr. Jason Smith Jr.,mr..jason.smith.jr.@hotmail.com,Nauru,3/13/2012
C1921,Danny Walker,danny.walker@outlook.com,JERSEY,4/4/2025
C1922,Allen Watson,allen.watson@hotmail.com,palestinian territory,7/28/2020
C1923,Brandi Salinas PhD,brandi.salinas.phd@outlook.com,Dominican Republic,1/27/2022
C1924,Elizabeth Wolfe,elizabeth.wolfe@outlook.com,Nepal,1/31/2015
C1925,Thomas Chapman,thomas.chapman@gmail.com,Spain,2/26/2024
C1926,Andrew Martin,andrew.martin@yahoo.com,ireland,6/25/2022
C1927,Dr. David Mclaughlin,dr..david.mclaughlin@outlook.com,Marshall Islands,9/11/2018
C1928,Kimberly Palmer,kimberly.palmer@hotmail.com,Sao Tome and Principe,7/6/2018
C1929,Daniel Freeman,daniel.freeman@hotmail.com,Solomon Islands,3/29/2023
C1930,Paul Wise,paul.wise@outlook.com,finland,4/15/2016
C1931,Denise Edwards,denise.edwards@hotmail.com,Tonga,4/19/2023
C1932,Joshua Vang,,Pakistan,2/4/2012
C1933,Joshua Schmitt,joshua.schmitt@gmail.com,Madagascar,6/29/2017
C1934,Douglas Holland,douglas.holland@hotmail.com,Falkland Islands (Malvinas),7/19/2017
C1935,Michael Johnson,michael.johnson@gmail.com,Saint Kitts and Nevis,9/28/2022
C1936,Barbara Franklin,barbara.franklin@outlook.com,UNITED STATES MINOR OUTLYING ISLANDS,4/1/2012
C1937,Patrick Schaefer,patrick.schaefer@outlook.com,North Macedonia,1/31/2016
C1938,  Kathleen Brown  ,kathleen.brown@outlook.com,French Southern Territories,8/14/2016
C1939,Lauren Farmer,lauren.farmer@gmail.com,Jersey,3/15/2021
C1940,  Teresa Lucas  ,teresa.lucas@hotmail.com,Indonesia,8/3/2013
C1941,  Amanda Barajas  ,,New Zealand,9/9/2019
C1942,Sandy Shields,sandy.shields@gmail.com,Afghanistan,6/11/2025
C1943,Xavier King,xavier.king@icloud.com,liechtenstein,10/16/2018
C1944,Katie Kaufman,katie.kaufman@hotmail.com,thailand,7/15/2024
C1945,Robert Lawrence Jr.,robert.lawrence.jr.@hotmail.com,AUSTRIA,2/10/2025
C1946,Carrie Weaver,carrie.weaver@gmail.com,,1/24/2013
C1947,Jacob Cox,jacob.cox@yahoo.com,Ireland,4/7/2022
C1948,Janet Cobb,janet.cobb@icloud.com,Cape Verde,3/14/2020
C1949,James Brooks,james.brooks@outlook.com,Cook Islands,11/29/2013
C1950,Alexander Murray,alexander.murray@icloud.com,MALDIVES,6/10/2017
C1951,Fernando Sosa,fernando.sosa@hotmail.com,North Macedonia,10/14/2014
C1952,Penny Haney,penny.haney@hotmail.com,Ethiopia,2/25/2014
C1953,  Jessica Peck  ,jessica.peck@gmail.com,,6/4/2023
C1954,Tiffany Wilson,tiffany.wilson@yahoo.com,Vanuatu,11/28/2012
C1955,Brenda Nielsen,brenda.nielsen@outlook.com,Panama,8/23/2021
C1956,Dean Robinson,dean.robinson@icloud.com,Turkey,11/26/2013
C1957,Matthew Young,matthew.young@yahoo.com,Somalia,8/15/2017
C1958,Joshua Thompson,joshua.thompson@outlook.com,Belarus,6/2/2012
C1959,Dana Macdonald,dana.macdonald@hotmail.com,Cayman Islands,5/28/2025
C1960,David Berg,david.berg@hotmail.com,Saint Martin,5/24/2024
C1961,Robert Lee,robert.lee@gmail.com,ERITREA,7/19/2014
C1962,Edward Bryant,edward.bryant@gmail.com,Uruguay,2/18/2018
C1963,  Diana Monroe  ,diana.monroe@icloud.com,Brunei Darussalam,8/19/2017
C1964,Danielle Cruz,danielle.cruz@yahoo.com,Dominican Republic,3/24/2013
C1965,Victoria Horton,victoria.horton@yahoo.com,Bulgaria,2/1/2018
C1966,Tina Harmon,,Nicaragua,3/23/2018
C1967,Catherine Holmes,catherine.holmes@icloud.com,Benin,8/31/2015
C1968,  Mary Orr  ,mary.orr@gmail.com,cape verde,7/5/2012
C1969,Emma Nixon,emma.nixon@yohoo.com,,9/18/2012
C1970,Stephanie Cole,stephanie.cole@hotmail.com,Honduras,1/18/2024
C1971,Jack Kelly,jack.kelly@gmail.com,Anguilla,8/28/2019
C1972,Nicholas Middleton,nicholas.middleton@yahoo.com,India,6/13/2014
C1973,Joseph Miles,joseph.miles@gmail.com,El Salvador,4/16/2015
C1974,Roberto Cunningham,,American Samoa,5/28/2022
C1975,Brian Clark,brian.clark@gmail.com,British Indian Ocean Territory (Chagos Archipelago),9/12/2012
C1976,  Kara Parker  ,kara.parker@yahoo.com,Bahrain,12/29/2017
C1977,Lindsey Ortiz,lindsey.ortiz@hotmail.com,Togo,5/17/2023
C1978,Scott Bautista,scott.bautista@outlook.com,Suriname,10/13/2019
C1979,Allison Williams,allison.williams@icloud.com,Netherlands,12/12/2014
C1980,Anita Snyder,anita.snyder@outlook.com,,8/23/2015
C1981,Robin Brown,robin.brown@hotmail.com,Montserrat,7/22/2020
C1982,Andrea Olsen,andrea.olsen@hotmail.com,American Samoa,10/23/2020
C1983,Anne Arnold,anne.arnold@hotmail.com,Uzbekistan,7/27/2015
C1984,Mary Keith,mary.keith@yahoo.com,Saudi Arabia,2/2/2017
C1985,Michael Ayers,michael.ayers@hotmail.com,Malta,8/20/2012
C1986,Terry Green,terry.green@icloud.com,Bulgaria,7/30/2016
C1987,Jesse Baker,jesse.baker@yahoo.com,Luxembourg,6/25/2017
C1988,Troy Wright,troy.wright@hotmail.com,Nepal,5/12/2019
C1989,Sandra Davis,sandra.davis@yahoo.com,Hong Kong,6/4/2020
C1990,Jill Martinez,jill.martinez@icloud.com,Samoa,2/8/2020
C1991,Michael Morrison,,british indian ocean territory (chagos archipelago),8/5/2013
C1992,Nichole Cox,nichole.cox@yahoo.com,Haiti,5/11/2019
C1993,  Aaron Reed  ,aaron.reed@gmail.com,Central African Republic,9/14/2021
C1994,Tanya Romero,tanya.romero@outlook.com,Togo,9/6/2019
C1995,  Mrs. Holly Parker  ,mrs..holly.parker@hotmail.com,congo,12/17/2013
C1996,Shannon Foley,shannon.foley@outlook.com,North Macedonia,2/20/2013
C1997,  Kelly Winters  ,kelly.winters@icloud.com,India,7/27/2018
C1998,Carol Castillo,carol.castillo@outlook.com,Thailand,1/7/2025
C1999,James Peterson,james.peterson@gmail.com,Philippines,11/28/2024
